{
  "loss": [
    1907931904.0,
    1719022976.0,
    1328625792.0,
    1112436608.0,
    981046208.0
  ],
  "signal_loss": [
    1.3021526336669922,
    1.1689505577087402,
    1.0817433595657349,
    1.055734634399414,
    1.0435580015182495
  ],
  "entry_price_loss": [
    1560103296.0,
    1328807296.0,
    832235008.0,
    593421568.0,
    468639872.0
  ],
  "take_profit_loss": [
    558832192.0,
    522116608.0,
    451745504.0,
    404123936.0,
    369828736.0
  ],
  "stop_loss_loss": [
    569047616.0,
    532502112.0,
    460762656.0,
    411601824.0,
    376897376.0
  ],
  "confidence_loss": [
    0.03865047171711922,
    0.030738580971956253,
    0.026807064190506935,
    0.024504929780960083,
    0.022753184661269188
  ],
  "signal_accuracy": [
    0.3689465820789337,
    0.4083874225616455,
    0.4351472854614258,
    0.44962555170059204,
    0.4664003849029541
  ],
  "entry_price_mae": [
    13974.248046875,
    15930.12109375,
    14677.14453125,
    12313.32421875,
    10743.169921875
  ],
  "take_profit_mae": [
    5275.93310546875,
    6677.21044921875,
    7844.75537109375,
    7874.12646484375,
    7757.40087890625
  ],
  "stop_loss_mae": [
    5284.34130859375,
    6628.75146484375,
    7805.93896484375,
    7886.134765625,
    7792.3466796875
  ],
  "confidence_mae": [
    0.14764510095119476,
    0.13055194914340973,
    0.12007691711187363,
    0.11442379653453827,
    0.11038420349359512
  ],
  "val_loss": [
    1632935296.0,
    1264463360.0,
    970320576.0,
    766619584.0,
    631666688.0
  ],
  "val_signal_loss": [
    1.0582464933395386,
    1.0176752805709839,
    1.0420160293579102,
    1.0531314611434937,
    1.0281243324279785
  ],
  "val_entry_price_loss": [
    1443149312.0,
    980948096.0,
    619306176.0,
    324304960.0,
    213611184.0
  ],
  "val_take_profit_loss": [
    449777024.0,
    381051488.0,
    326067648.0,
    298677824.0,
    259723584.0
  ],
  "val_stop_loss_loss": [
    461582976.0,
    392937760.0,
    334600032.0,
    305789472.0,
    265137568.0
  ],
  "val_confidence_loss": [
    0.02403455227613449,
    0.024997292086482048,
    0.020500419661402702,
    0.019408266991376877,
    0.018608422949910164
  ],
  "val_signal_accuracy": [
    0.459664523601532,
    0.4600639045238495,
    0.4844249188899994,
    0.42611822485923767,
    0.544329047203064
  ],
  "val_entry_price_mae": [
    13799.1630859375,
    12463.7470703125,
    11219.009765625,
    7210.21240234375,
    6684.611328125
  ],
  "val_take_profit_mae": [
    4718.96728515625,
    5314.84814453125,
    6362.06884765625,
    6221.79638671875,
    6318.90087890625
  ],
  "val_stop_loss_mae": [
    4752.99267578125,
    5449.59326171875,
    6361.25537109375,
    6267.2109375,
    6350.06640625
  ],
  "val_confidence_mae": [
    0.11549873650074005,
    0.11682683229446411,
    0.10715680569410324,
    0.10250148922204971,
    0.09834151715040207
  ],
  "lr": [
    0.0010000000474974513,
    0.0010000000474974513,
    0.0010000000474974513,
    0.0010000000474974513,
    0.0010000000474974513
  ]
}